{
  "project_info": {
    "project_number": "1026808787258",
    "firebase_url": "https://wallpaperapp-e686e.firebaseio.com",
    "project_id": "wallpaperapp-e686e",
    "storage_bucket": "wallpaperapp-e686e.appspot.com"
  },
  "client": [
    {
      "client_info": {
        "mobilesdk_app_id": "1:1026808787258:android:1e998c17effb4fa410e003",
        "android_client_info": {
          "package_name": "com.vaidik.truesaviour"
        }
      },
      "oauth_client": [
        {
          "client_id": "1026808787258-ttim1pph48rig01rl6uh85v9v6fm07ge.apps.googleusercontent.com",
          "client_type": 1,
          "android_info": {
            "package_name": "com.vaidik.truesaviour",
            "certificate_hash": "c77f3e5a9ccf1a5db8f80469a865185f9369cd3b"
          }
        },
        {
          "client_id": "1026808787258-l4ncokcabsngb7q8r7u09auucqbtv9us.apps.googleusercontent.com",
          "client_type": 3
        }
      ],
      "api_key": [
        {
          "current_key": "AIzaSyBhTmUjqfmREc8CUIKwZJPYglotNRksvn4"
        }
      ],
      "services": {
        "appinvite_service": {
          "other_platform_oauth_client": [
            {
              "client_id": "1026808787258-l4ncokcabsngb7q8r7u09auucqbtv9us.apps.googleusercontent.com",
              "client_type": 3
            }
          ]
        }
      }
    }
  ],
  "configuration_version": "1"
}